Data de Captura;Título do Processo Seletivo;Link de Acesso
2026-04-15;[JC Concursos] Concurso do Exército abre inscrições para quase 230 vagas na EsFCEx;https://jcconcursos.com.br/noticia/concursos/concurso-exercito-inscricao-esfcex-141558
2026-04-15;[JC Concursos] Concurso Secretaria Municipal de Segurança Urbana RJ: prefeito substituirá PL que cria força municipal;https://jcconcursos.com.br/noticia/concursos/secretaria-municipal-de-seguranca-urbana-rj-prefeito-eduardo-paes-deve-substituir-projeto-que-cria-forca-municipal-133418
2026-04-15;Política de Privacidade e Cancelamento;https://www.pciconcursos.com.br/politica-de-privacidade/
2026-04-15;SEAD - RN retifica Concurso Público com vagas para CEASA, DETRAN e IPERN;https://www.pciconcursos.com.br/noticias/sead-rn-retifica-concurso-publico-com-vagas-para-ceasa-detran-e-ipern
2026-04-15;UEPB retifica concurso público para cargos técnico-administrativos;https://www.pciconcursos.com.br/noticias/uepb-retifica-concurso-publico-para-cargos-tecnico-administrativos
2026-04-15;Prefeitura de Humberto de Campos - MA retifica edital de concurso público;https://www.pciconcursos.com.br/noticias/prefeitura-de-humberto-de-campos-ma-retifica-edital-de-concurso-publico
2026-04-15;Prefeitura de Maceió - AL divulga edital retificado para Guarda Civil Municipal com 50 vagas;https://www.pciconcursos.com.br/noticias/prefeitura-de-maceio-al-divulga-edital-retificado-para-guarda-civil-municipal-com-50-vagas
2026-04-15;UNEAL abre concurso público com vagas de nível superior e remuneração de R$ 5,3 mil;https://www.pciconcursos.com.br/noticias/uneal-abre-concurso-publico-com-vagas-de-nivel-superior-e-remuneracao-de-5-3-mil
2026-04-15;PM-AL abre concurso com 530 vagas para Soldado do Quadro de Praças e Oficial de Estado-Maior;https://www.pciconcursos.com.br/noticias/pm-al-abre-concurso-com-530-vagas-para-soldado-do-quadro-de-pracas-e-oficial-de-estado-maior
2026-04-15;Prefeitura de Manaus - AM retifica concurso para Guarda Municipal com 590 vagas;https://www.pciconcursos.com.br/noticias/prefeitura-de-manaus-am-retifica-concurso-para-guarda-municipal-com-590-vagas
2026-04-15;Prefeitura de Valparaíso de Goiás - GO retifica Concurso Público com diversos cargos;https://www.pciconcursos.com.br/noticias/prefeitura-de-valparaiso-de-goias-go-retifica-concurso-publico-com-diversos-cargos
2026-04-15;SES - GO retifica concurso público com 50 vagas para Fiscal de Saúde Pública;https://www.pciconcursos.com.br/noticias/ses-go-retifica-concurso-publico-com-50-vagas-para-fiscal-de-saude-publica
2026-04-15;PCDF retifica concurso público para Delegado com salário de R$ 26.690,15;https://www.pciconcursos.com.br/noticias/pcdf-retifica-concurso-publico-para-delegado-com-salario-de-26690
2026-04-15;InvestSC - SC publica retificação em concurso com 10 vagas;https://www.pciconcursos.com.br/noticias/investsc-sc-publica-retificacao-em-concurso-com-10-vagas
2026-04-15;SED - SC retifica editais de concursos públicos para cargos de nível superior;https://www.pciconcursos.com.br/noticias/sed-sc-retifica-editais-de-concursos-publicos-para-cargos-de-nivel-superior
2026-04-15;CONSISA - RS abre concurso público para Agente Administrativo;https://www.pciconcursos.com.br/noticias/consisa-rs-abre-concurso-publico-para-agente-administrativo
2026-04-15;Exército Brasileiro: Concurso nacional abre 1.100 vagas para cursos de formação de sargentos;https://www.pciconcursos.com.br/noticias/exercito-brasileiro-concurso-nacional-abre-1100-vagas-para-cursos-de-formacao-de-sargentos
2026-04-15;SEMSA - Secretaria Municipal de Saúde de Vila Velha;https://www.pciconcursos.com.br/noticias/prefeitura-de-vila-velha-es-abre-selecao-para-profissionais-de-nivel-superior
2026-04-15;Prefeitura de Vitória;https://www.pciconcursos.com.br/noticias/prefeitura-de-vitoria-es-abre-selecoes-com-salarios-de-ate-7-3-mil-para-professores
2026-04-15;Prefeitura de Vargem Alta;https://www.pciconcursos.com.br/noticias/prefeitura-de-vargem-alta-es-abre-processo-seletivo-para-agentes-de-saude-e-de-endemias
2026-04-15;Prefeitura de Santa Maria de Jetibá;https://www.pciconcursos.com.br/noticias/prefeitura-de-santa-maria-de-jetiba-es-abre-selecao-para-professor-com-salarios-de-ate-4-5-mil
2026-04-15;Prefeitura de Rio Novo do Sul;https://www.pciconcursos.com.br/noticias/prefeitura-de-rio-novo-do-sul-es-abre-selecao-para-o-cargo-de-servente
2026-04-15;Prefeitura de Irupi;https://www.pciconcursos.com.br/noticias/prefeitura-de-irupi-es-abre-processo-seletivo-para-professor-de-geografia
2026-04-15;Prefeitura de Alegre;https://www.pciconcursos.com.br/noticias/prefeitura-de-alegre-es-abre-processo-seletivo-para-diversos-cargos
2026-04-15;MGS - Minas Gerais Administração e Serviços S.A.;https://www.pciconcursos.com.br/noticias/mgs-mg-abre-selecao-com-salarios-de-ate-4-5-mil
2026-04-15;ISCMV - Irmandade da Santa Casa de Misericórdia de Vitória;https://www.pciconcursos.com.br/noticias/irmandade-da-santa-casa-de-misericordia-de-vitoria-es-abre-selecoes-para-condutores-socorristas-do-samu-192
2026-04-15;IFES - Instituto Federal de Educação, Ciência e Tecnologia do Espírito Santo;https://www.pciconcursos.com.br/noticias/ifes-abre-processo-seletivo-para-professor-substituto-de-quimica-no-campus-nova-venecia
2026-04-15;Câmara de Santa Maria de Jetibá;https://www.pciconcursos.com.br/noticias/camara-de-santa-maria-de-jetiba-es-retifica-concurso-publico-com-salarios-de-ate-8-3-mil
2026-04-15;Câmara de Domingos Martins;https://www.pciconcursos.com.br/noticias/camara-de-domingos-martins-es-abre-concurso-publico-com-13-vagas-e-salarios-de-ate-4-5-mil
2026-04-15;apostila específica;https://www.pciconcursos.com.br/apostilas/ministerio-publico-es
2026-04-15;MPES - ES publica retificações de edital de concurso público;https://www.pciconcursos.com.br/noticias/mpes-es-publica-retificacoes-de-edital-de-concurso-publico
2026-04-15;UNIFEI - Universidade Federal de Itajubá;https://www.pciconcursos.com.br/noticias/unifei-mg-abre-processo-seletivo-para-professor-substituto-na-area-de-engenharia-ambiental
2026-04-15;UNIFEI - Universidade Federal de Itajubá;https://www.pciconcursos.com.br/noticias/unifei-mg-abre-processo-seletivo-para-professores-visitantes-nacionais-e-estrangeiros
2026-04-15;UNIFAL - Universidade Federal de Alfenas;https://www.pciconcursos.com.br/noticias/unifal-mg-abre-vaga-para-professor-substituto-na-area-de-ciencias-humanas
2026-04-15;UNIFAL - Universidade Federal de Alfenas;https://www.pciconcursos.com.br/noticias/unifal-mg-selecao-para-professor-substituto-oferece-salarios-de-ate-8-3-mil
2026-04-15;UNIFAL - Universidade Federal de Alfenas;https://www.pciconcursos.com.br/noticias/unifal-mg-processo-seletivo-abre-vaga-para-professor-substituto-na-area-de-enfermagem
2026-04-15;UNIFAL - Universidade Federal de Alfenas;https://www.pciconcursos.com.br/noticias/unifal-mg-abre-processo-seletivo-para-professor-substituto-na-area-de-administracao-em-varginha
2026-04-15;UNIFAL - Universidade Federal de Alfenas;https://www.pciconcursos.com.br/noticias/unifal-mg-abre-processo-seletivo-para-professor-substituto-na-area-de-clinica-odontologica
2026-04-15;UFV - Universidade Federal de Viçosa;https://www.pciconcursos.com.br/noticias/ufv-mg-abre-selecao-para-professor-substituto-na-area-de-hospedagem
2026-04-15;UFV - Universidade Federal de Viçosa;https://www.pciconcursos.com.br/noticias/ufv-mg-abre-concurso-para-professor-de-ciencia-da-computacao
2026-04-15;UFSJ - Universidade Federal de São João del-Rei;https://www.pciconcursos.com.br/noticias/ufsj-mg-abre-vagas-para-professores-substitutos-com-salarios-de-ate-8-3-mil
2026-04-15;UFMG - Universidade Federal de Minas Gerais;https://www.pciconcursos.com.br/noticias/ufmg-mg-abre-selecao-para-professores-substitutos-com-salarios-de-ate-8058
2026-04-15;UFMG - Universidade Federal de Minas Gerais;https://www.pciconcursos.com.br/noticias/ufmg-abre-vaga-para-professor-substituto-na-escola-de-veterinaria
2026-04-15;UFMG - Universidade Federal de Minas Gerais;https://www.pciconcursos.com.br/noticias/ufmg-abre-selecao-para-professor-substituto-na-faculdade-de-farmacia
2026-04-15;UFMG - Universidade Federal de Minas Gerais;https://www.pciconcursos.com.br/noticias/ufmg-abre-processo-seletivo-para-professor-substituto-no-departamento-de-zootecnia
2026-04-15;UFMG - Universidade Federal de Minas Gerais;https://www.pciconcursos.com.br/noticias/ufmg-abre-concurso-para-professor-assistente-na-area-de-metalurgia-fisica
2026-04-15;UFMG - Universidade Federal de Minas Gerais;https://www.pciconcursos.com.br/noticias/ufmg-abre-concurso-publico-junto-a-faculdade-de-veterinaria
2026-04-15;TJ - Tribunal de Justiça do Estado de Minas Gerais;https://www.pciconcursos.com.br/noticias/tj-mg-abre-103-vagas-para-juiz-de-direito-em-novo-concurso-publico
2026-04-15;apostila específica;https://www.pciconcursos.com.br/apostilas/ses-mg
2026-04-15;SES - Secretaria de Estado de Saúde de Minas Gerais;https://www.pciconcursos.com.br/noticias/ses-mg-abre-380-vagas-em-novo-concurso-publico
2026-04-15;Prefeitura de Urucânia;https://www.pciconcursos.com.br/noticias/prefeitura-de-urucania-mg-abre-selecao-com-salarios-de-ate-4-6-mil
2026-04-15;Prefeitura de União de Minas;https://www.pciconcursos.com.br/noticias/prefeitura-de-uniao-de-minas-mg-abre-vagas-para-agentes-de-saude-e-endemias
2026-04-15;Prefeitura de Três Marias;https://www.pciconcursos.com.br/noticias/prefeitura-de-tres-marias-mg-abre-processo-seletivo-com-salarios-de-ate-19-5-mil
2026-04-15;Prefeitura de Tocos do Moji;https://www.pciconcursos.com.br/noticias/prefeitura-de-tocos-do-moji-mg-abre-processo-seletivo-para-medico-esf
2026-04-15;Prefeitura de São Sebastião do Anta;https://www.pciconcursos.com.br/noticias/prefeitura-de-sao-sebastiao-do-anta-mg-abre-processo-seletivo-para-agentes-de-saude-e-vigilancia-epidemiologica
2026-04-15;Prefeitura de São José da Lapa;https://www.pciconcursos.com.br/noticias/prefeitura-de-sao-jose-da-lapa-mg-abre-processo-seletivo-para-educador-infantil
2026-04-15;Prefeitura de São Gonçalo do Sapucaí;https://www.pciconcursos.com.br/noticias/prefeitura-de-sao-goncalo-do-sapucai-mg-abre-selecao-para-agentes-de-saude-e-de-endemias
2026-04-15;Prefeitura de São Gonçalo do Rio Abaixo;https://www.pciconcursos.com.br/noticias/prefeitura-de-sao-goncalo-do-rio-abaixo-mg-abre-vagas-para-agente-comunitario-de-saude
2026-04-15;Prefeitura de São Francisco;https://www.pciconcursos.com.br/noticias/prefeitura-de-sao-francisco-mg-retifica-edital-de-concurso-publico
2026-04-15;Prefeitura de Santa Margarida;https://www.pciconcursos.com.br/noticias/prefeitura-de-santa-margarida-mg-abre-processo-seletivo-com-14-vagas-para-nivel-medio
2026-04-15;Prefeitura de Presidente Juscelino;https://www.pciconcursos.com.br/noticias/prefeitura-de-presidente-juscelino-mg-retifica-edital-de-processo-seletivo-para-agente-comunitario-de-saude
2026-04-15;Prefeitura de Pouso Alegre;https://www.pciconcursos.com.br/noticias/prefeitura-de-pouso-alegre-mg-abre-concurso-com-50-vagas-para-guarda-civil-municipal
2026-04-15;Prefeitura de Pitangui;https://www.pciconcursos.com.br/noticias/prefeitura-de-pitangui-mg-publica-edital-de-processo-seletivo-com-salarios-de-ate-18-9-mil
2026-04-15;Prefeitura de Patrocínio;https://www.pciconcursos.com.br/noticias/prefeitura-de-patrocinio-mg-abre-selecao-para-agentes-de-saude-e-endemias
2026-04-15;Prefeitura de Paraisópolis;https://www.pciconcursos.com.br/noticias/prefeitura-de-paraisopolis-mg-abre-vaga-em-processo-seletivo-para-eletricista
2026-04-15;Prefeitura de Paraisópolis;https://www.pciconcursos.com.br/noticias/prefeitura-de-paraisopolis-mg-abre-selecao-para-o-cargo-de-mecanico
2026-04-15;Prefeitura de Paracatu;https://www.pciconcursos.com.br/noticias/prefeitura-de-paracatu-mg-abre-concurso-publico-com-40-vagas-para-guarda-civil-municipal
2026-04-15;Prefeitura de Paracatu;https://www.pciconcursos.com.br/noticias/prefeitura-de-paracatu-mg-publica-edital-de-concurso-com-salarios-de-ate-6-5-mil
2026-04-15;Prefeitura de Paracatu;https://www.pciconcursos.com.br/noticias/prefeitura-de-paracatu-mg-publica-edital-para-contador-e-economista
2026-04-15;Prefeitura de Nova Ponte;https://www.pciconcursos.com.br/noticias/prefeitura-de-nova-ponte-mg-abre-concurso-publico-com-vaga-para-fiscal-municipal-tributario
2026-04-15;Prefeitura de Miradouro;https://www.pciconcursos.com.br/noticias/prefeitura-de-miradouro-mg-abre-concurso-publico-para-diversos-cargos
2026-04-15;Prefeitura de Miradouro;https://www.pciconcursos.com.br/noticias/prefeitura-de-miradouro-mg-abre-processo-seletivo-para-cadastro-reserva-em-diversos-cargos
2026-04-15;Prefeitura de Medeiros;https://www.pciconcursos.com.br/noticias/prefeitura-de-medeiros-mg-abre-processo-seletivo-para-cadastro-reserva-com-salarios-de-ate-16-9-mil
2026-04-15;Prefeitura de Matozinhos;https://www.pciconcursos.com.br/noticias/prefeitura-de-matozinhos-mg-abre-concurso-publico-com-salario-de-4-2-mil
2026-04-15;Prefeitura de Mathias Lobato;https://www.pciconcursos.com.br/noticias/prefeitura-de-mathias-lobato-mg-abre-concurso-publico-com-salarios-de-ate-4-mil
2026-04-15;Prefeitura de Mathias Lobato;https://www.pciconcursos.com.br/noticias/prefeitura-de-mathias-lobato-mg-abre-processo-seletivo-com-12-vagas-imediatas
2026-04-15;Prefeitura de Manga;https://www.pciconcursos.com.br/noticias/prefeitura-de-manga-mg-abre-selecao-para-agente-comunitario-de-saude
2026-04-15;Prefeitura de Leopoldina;https://www.pciconcursos.com.br/noticias/prefeitura-de-leopoldina-mg-abre-selecao-para-auxiliar-de-secretaria-e-auxiliar-de-servicos
2026-04-15;Prefeitura de Leme do Prado;https://www.pciconcursos.com.br/noticias/prefeitura-de-leme-do-prado-mg-abre-selecao-para-agente-comunitario-de-saude
2026-04-15;Prefeitura de Leandro Ferreira;https://www.pciconcursos.com.br/noticias/prefeitura-de-leandro-ferreira-mg-abre-processo-seletivo-com-salarios-de-ate-3-1-mil
2026-04-15;Prefeitura de Lagoa da Prata;https://www.pciconcursos.com.br/noticias/prefeitura-de-lagoa-da-prata-mg-abre-concurso-publico-com-67-vagas-e-salarios-de-ate-21-mil
2026-04-15;Prefeitura de João Monlevade;https://www.pciconcursos.com.br/noticias/prefeitura-de-joao-monlevade-mg-abre-vaga-para-medico-plantonista-cardiologista
2026-04-15;Prefeitura de João Monlevade;https://www.pciconcursos.com.br/noticias/prefeitura-de-joao-monlevade-mg-abre-selecao-com-vagas-para-arquiteto-e-engenheiro-civil
2026-04-15;Prefeitura de João Monlevade;https://www.pciconcursos.com.br/noticias/prefeitura-de-joao-monlevade-mg-abre-vagas-para-engenheiro-civil-e-arquiteto
2026-04-15;Prefeitura de Jenipapo de Minas;https://www.pciconcursos.com.br/noticias/prefeitura-de-jenipapo-de-minas-mg-abre-selecao-para-agentes-de-saude-e-de-endemias
2026-04-15;Prefeitura de Itapagipe;https://www.pciconcursos.com.br/noticias/prefeitura-de-itapagipe-mg-abre-concurso-publico-com-162-vagas
2026-04-15;Prefeitura de Itanhandu;https://www.pciconcursos.com.br/noticias/prefeitura-de-itanhandu-mg-abre-selecao-com-10-vagas-imediatas
2026-04-15;Prefeitura de Ipatinga;https://www.pciconcursos.com.br/noticias/prefeitura-de-ipatinga-mg-abre-concurso-publico-para-diversos-cargos
2026-04-15;Prefeitura de Guaxupé;https://www.pciconcursos.com.br/noticias/prefeitura-de-guaxupe-mg-abre-selecoes-para-profissionais-de-nivel-superior-na-saude
2026-04-15;Prefeitura de Fama;https://www.pciconcursos.com.br/noticias/prefeitura-de-fama-mg-abre-processo-seletivo-para-agente-de-combate-as-endemias
2026-04-15;Prefeitura de Estiva;https://www.pciconcursos.com.br/noticias/prefeitura-de-estiva-mg-abre-processo-seletivo-com-vagas-para-operador-de-maquinas
2026-04-15;Prefeitura de Datas;https://www.pciconcursos.com.br/noticias/prefeitura-de-datas-mg-abre-processo-seletivo-com-15-vagas-na-area-da-saude
2026-04-15;Prefeitura de Córrego do Bom Jesus;https://www.pciconcursos.com.br/noticias/prefeitura-de-corrego-do-bom-jesus-mg-abre-selecao-para-agente-comunitario-de-saude
2026-04-15;Prefeitura de Coronel Murta;https://www.pciconcursos.com.br/noticias/prefeitura-de-coronel-murta-mg-anuncia-a-abertura-de-concurso-publico-com-86-vagas
2026-04-15;Prefeitura de Coqueiral;https://www.pciconcursos.com.br/noticias/prefeitura-de-coqueiral-mg-abre-processo-seletivo-para-monitor-iii
2026-04-15;Prefeitura de Conselheiro Pena;https://www.pciconcursos.com.br/noticias/prefeitura-de-conselheiro-pena-mg-divulga-concurso-publico-com-salarios-de-ate-7-2-mil
2026-04-15;Prefeitura de Congonhal;https://www.pciconcursos.com.br/noticias/prefeitura-de-congonhal-mg-abre-concurso-publico-com-salarios-de-ate-13-6-mil
2026-04-15;Prefeitura de Comercinho;https://www.pciconcursos.com.br/noticias/prefeitura-de-comercinho-mg-abre-selecao-com-salarios-de-ate-6-6-mil
2026-04-15;Prefeitura de Cláudio;https://www.pciconcursos.com.br/noticias/prefeitura-de-claudio-mg-divulga-processo-seletivo-para-fisioterapeuta
2026-04-15;Prefeitura de Catas Altas;https://www.pciconcursos.com.br/noticias/prefeitura-de-catas-altas-mg-abre-selecao-para-operadores-de-maquinas-leves-e-pesadas
2026-04-15;Prefeitura de Carandaí;https://www.pciconcursos.com.br/noticias/prefeitura-de-carandai-mg-abre-concurso-publico-com-130-vagas-e-salarios-de-ate-5-6-mil
2026-04-15;Prefeitura de Cabo Verde;https://www.pciconcursos.com.br/noticias/prefeitura-de-cabo-verde-mg-retifica-concurso-com-vagas-de-nivel-fundamental-a-superior
2026-04-15;Prefeitura de Brazópolis;https://www.pciconcursos.com.br/noticias/prefeitura-de-brazopolis-mg-abre-processo-seletivo-com-salarios-de-ate-3-7-mil
2026-04-15;Prefeitura de Bom Jardim de Minas;https://www.pciconcursos.com.br/noticias/prefeitura-de-bom-jardim-de-minas-mg-abre-vagas-com-salarios-de-ate-14-2-mil
2026-04-15;Prefeitura de Bom Despacho;https://www.pciconcursos.com.br/noticias/prefeitura-de-bom-despacho-mg-abre-concurso-publico-para-auditor-fiscal-agropecuario-medico-veterinario
2026-04-15;Prefeitura de Berilo;https://www.pciconcursos.com.br/noticias/prefeitura-de-berilo-mg-abre-processo-seletivo-com-34-vagas-para-agentes-de-saude
2026-04-15;Prefeitura de Barão de Cocais;https://www.pciconcursos.com.br/noticias/prefeitura-de-barao-de-cocais-mg-abre-selecao-para-agentes-de-saude-e-endemias
2026-04-15;Prefeitura de Baependi;https://www.pciconcursos.com.br/noticias/prefeitura-de-baependi-mg-abre-concurso-publico-com-salarios-de-ate-5-3-mil
2026-04-15;Prefeitura de Baependi;https://www.pciconcursos.com.br/noticias/prefeitura-de-baependi-mg-abre-concurso-publico-para-profissionais-da-saude-com-salarios-de-ate-10-9-mil
2026-04-15;Prefeitura de Augusto de Lima;https://www.pciconcursos.com.br/noticias/prefeitura-de-augusto-de-lima-mg-abre-concurso-publico-com-diversas-vagas-e-cadastro-reserva
2026-04-15;Prefeitura de Amparo do Serra;https://www.pciconcursos.com.br/noticias/prefeitura-de-amparo-do-serra-mg-abre-selecao-para-agentes-de-saude-e-de-endemias
2026-04-15;Prefeitura de Amparo do Serra;https://www.pciconcursos.com.br/noticias/prefeitura-de-amparo-do-serra-mg-abre-processo-seletivo-para-profissionais-de-nivel-medio
2026-04-15;Prefeitura de Alto Rio Doce;https://www.pciconcursos.com.br/noticias/prefeitura-de-alto-rio-doce-mg-abre-concurso-publico-com-110-vagas
2026-04-15;Prefeitura de Alagoa;https://www.pciconcursos.com.br/noticias/prefeitura-de-alagoa-mg-abre-concurso-e-processo-seletivo-com-salarios-de-ate-5-9-mil
2026-04-15;PM - Prefeitura de Carbonita;https://www.pciconcursos.com.br/noticias/prefeitura-de-carbonita-mg-abre-processo-seletivo-para-agente-de-combate-as-endemias
2026-04-15;IFNMG - Instituto Federal do Norte de Minas Gerais;https://www.pciconcursos.com.br/noticias/ifnmg-abre-processo-seletivo-para-professores-substitutos-de-matematica-em-januaria
2026-04-15;IFNMG - Instituto Federal do Norte de Minas Gerais;https://www.pciconcursos.com.br/noticias/ifnmg-abre-vagas-em-processos-seletivos-para-professores-substitutos-no-campus-aracuai
2026-04-15;IFNMG - Instituto Federal do Norte de Minas Gerais;https://www.pciconcursos.com.br/noticias/ifnmg-abre-processo-seletivo-para-professor-substituto-de-quimica-em-aracuai
2026-04-15;IFMG - Instituto Federal de Educação, Ciência e Tecnologia de Minas Gerais;https://www.pciconcursos.com.br/noticias/ifmg-abre-processo-seletivo-para-professor-visitante-de-quimica-no-campus-santa-luzia
2026-04-15;IFMG - Instituto Federal de Educação, Ciência e Tecnologia de Minas Gerais;https://www.pciconcursos.com.br/noticias/ifmg-abre-vaga-para-professor-substituto-na-area-de-sistemas-de-informacao-no-campus-sao-joao-evangelista
2026-04-15;IF Sudeste MG - Instituto Federal de Educação, Ciência e Tecnologia do Sudeste de Minas Gerais;https://www.pciconcursos.com.br/noticias/if-sudeste-mg-abre-selecao-para-professor-substituto-de-letras-em-bom-sucesso
2026-04-15;IF Sudeste MG - Instituto Federal de Educação, Ciência e Tecnologia do Sudeste de Minas Gerais;https://www.pciconcursos.com.br/noticias/if-sudeste-mg-abre-selecao-para-professor-substituto-de-educacao-fisica-em-barbacena
2026-04-15;ICMBio - Instituto Chico Mendes de Conservação da Biodiversidade;https://www.pciconcursos.com.br/noticias/icmbio-mg-abre-selecao-para-agente-temporario-ambiental-no-parque-nacional-do-caparao
2026-04-15;ICMBio - Instituto Chico Mendes de Conservação da Biodiversidade;https://www.pciconcursos.com.br/noticias/icmbio-mg-abre-processo-seletivo-para-brigadista-e-chefe-de-esquadrao-em-januaria
2026-04-15;ICMBio - Instituto Chico Mendes de Conservação da Biodiversidade;https://www.pciconcursos.com.br/noticias/icmbio-mg-abre-processo-seletivo-para-agentes-temporarios-ambientais-em-januaria
2026-04-15;FHEMIG - Fundação Hospitalar do Estado de Minas Gerais;https://www.pciconcursos.com.br/noticias/fhemig-mg-abre-processo-seletivo-para-farmaceutico-hospitalar-em-belo-horizonte
2026-04-15;FHEMIG - Fundação Hospitalar do Estado de Minas Gerais;https://www.pciconcursos.com.br/noticias/fhemig-mg-abre-processo-seletivo-para-medico-do-trabalho
2026-04-15;FHEMIG - Fundação Hospitalar do Estado de Minas Gerais;https://www.pciconcursos.com.br/noticias/fhemig-mg-abre-selecao-para-enfermeiros-em-betim
2026-04-15;FHEMIG - Fundação Hospitalar do Estado de Minas Gerais;https://www.pciconcursos.com.br/noticias/fhemig-mg-abre-vagas-para-enfermeiro-e-farmaceutico-em-belo-horizonte-e-barbacena
2026-04-15;FHEMIG - Fundação Hospitalar do Estado de Minas Gerais;https://www.pciconcursos.com.br/noticias/fhemig-mg-abre-selecao-com-40-vagas-para-tecnicos-em-enfermagem-no-complexo-hospitalar-de-barbacena
2026-04-15;FHEMIG - Fundação Hospitalar do Estado de Minas Gerais;https://www.pciconcursos.com.br/noticias/fhemig-mg-abre-selecao-com-17-vagas-e-cadastro-reserva-em-barbacena
2026-04-15;FHEMIG - Fundação Hospitalar do Estado de Minas Gerais;https://www.pciconcursos.com.br/noticias/fhemig-mg-abre-selecao-com-vagas-para-medicos-em-juiz-de-fora
2026-04-15;FHEMIG - Fundação Hospitalar do Estado de Minas Gerais;https://www.pciconcursos.com.br/noticias/fhemig-mg-abre-vagas-para-tecnicos-em-enfermagem-na-casa-de-saude-santa-izabel
2026-04-15;FHEMIG - Fundação Hospitalar do Estado de Minas Gerais;https://www.pciconcursos.com.br/noticias/fhemig-mg-abre-selecoes-para-profissionais-de-saude-em-barbacena-e-bambui
2026-04-15;EBSERH-HU-UFSJ;https://www.pciconcursos.com.br/noticias/ebserh-hu-ufsj-mg-processo-seletivo-abre-vaga-para-medico-do-trabalho
2026-04-15;CIDES - Consórcio Público Intermunicipal de Desenvolvimento Sustentável do Triângulo Mineiro e Alto Paranaíba;https://www.pciconcursos.com.br/noticias/cides-mg-abre-processo-seletivo-para-nivel-medio-e-superior
2026-04-15;CEFET - Centro Federal de Educação Tecnológica de Minas Gerais;https://www.pciconcursos.com.br/noticias/cefet-mg-abre-selecao-para-professor-substituto-em-engenharia-de-transportes
2026-04-15;Cefet - Centro Federal de Educação Tecnológica de Minas Gerais;https://www.pciconcursos.com.br/noticias/cefet-mg-anuncia-processo-seletivo-no-campus-de-divinopolis
2026-04-15;Câmara de Santana de Cataguases;https://www.pciconcursos.com.br/noticias/camara-de-santana-de-cataguases-mg-abre-concurso-com-salarios-de-ate-5-mil
2026-04-15;Câmara de Santana da Vargem;https://www.pciconcursos.com.br/noticias/camara-de-santana-da-vargem-mg-abre-vaga-em-concurso-publico-para-auxiliar-legislativo
2026-04-15;Câmara de Sabará;https://www.pciconcursos.com.br/noticias/camara-de-sabara-mg-abre-concurso-com-10-vagas-em-diversas-areas
2026-04-15;Câmara de Piranguçu;https://www.pciconcursos.com.br/noticias/camara-de-pirangucu-mg-abre-concurso-para-diversos-niveis-de-escolaridade
2026-04-15;Câmara de Piedade do Rio Grande;https://www.pciconcursos.com.br/noticias/camara-de-piedade-do-rio-grande-mg-abre-concurso-para-contador-e-agente-legislativo
2026-04-15;Câmara de Minduri;https://www.pciconcursos.com.br/noticias/camara-de-minduri-mg-abre-concurso-para-auxiliar-de-servicos-gerais-e-tecnico-legislativo
2026-04-15;Câmara de Luz;https://www.pciconcursos.com.br/noticias/camara-de-luz-mg-abre-concurso-publico-para-cargos-de-nivel-medio
2026-04-15;Câmara de Lamim;https://www.pciconcursos.com.br/noticias/camara-de-lamim-mg-retifica-edital-de-concurso-com-salarios-de-ate-4500
2026-04-15;Câmara de Itaobim;https://www.pciconcursos.com.br/noticias/camara-de-itaobim-mg-promove-concurso-publico
2026-04-15;Câmara de Conceição da Barra de Minas;https://www.pciconcursos.com.br/noticias/camara-de-conceicao-da-barra-de-minas-mg-lanca-concurso-publico-para-analista-administrativo-e-controlador-interno
2026-04-15;Câmara de Capetinga;https://www.pciconcursos.com.br/noticias/camara-de-capetinga-mg-abre-concurso-publico-para-o-cargo-de-procurador-juridico
2026-04-15;Câmara de Botelhos;https://www.pciconcursos.com.br/noticias/camara-de-botelhos-mg-abre-concurso-publico-para-auxiliar-administrativo-e-controlador-interno
2026-04-15;Câmara de Alfredo Vasconcelos;https://www.pciconcursos.com.br/noticias/camara-de-alfredo-vasconcelos-mg-abre-concurso-publico-para-assistente-administrativo
2026-04-15;apostila específica;https://www.pciconcursos.com.br/apostilas/saae-passos-mg
2026-04-15;SAAE de Passos - MG retifica concurso para diversos níveis de escolaridade;https://www.pciconcursos.com.br/noticias/saae-de-passos-mg-retifica-concurso-para-diversos-niveis-de-escolaridade
2026-04-15;apostila específica;https://www.pciconcursos.com.br/apostilas/prefeitura-de-lavras-mg
2026-04-15;Prefeitura de Lavras - MG publica retificação de concurso público;https://www.pciconcursos.com.br/noticias/prefeitura-de-lavras-mg-publica-retificacao-de-concurso-publico
2026-04-15;apostila específica;https://www.pciconcursos.com.br/apostilas/prefeitura-de-bocaiuva-mg
2026-04-15;Prefeitura de Bocaiúva - MG retifica processo seletivo para Agentes Comunitários de Saúde;https://www.pciconcursos.com.br/noticias/prefeitura-de-bocaiuva-mg-retifica-processo-seletivo-para-agentes-comunitarios-de-saude
2026-04-15;apostila específica;https://www.pciconcursos.com.br/apostilas/prefeitura-de-barao-de-cocais-mg
2026-04-15;Prefeitura de Barão de Cocais - MG retifica concurso público para Guarda Civil Municipal;https://www.pciconcursos.com.br/noticias/prefeitura-de-barao-de-cocais-mg-retifica-concurso-publico-para-guarda-civil-municipal
2026-04-15;apostila específica;https://www.pciconcursos.com.br/apostilas/mgs-mg
2026-04-15;MGS - MG publica retificações em processo seletivo para diversos cargos;https://www.pciconcursos.com.br/noticias/mgs-mg-publica-retificacoes-em-processo-seletivo-para-diversos-cargos
2026-04-15;apostila específica;https://www.pciconcursos.com.br/apostilas/cbm-mg
2026-04-15;CBMMG abre vagas para cursos de formação de Oficiais e Soldados;https://www.pciconcursos.com.br/noticias/cbmmg-abre-vagas-para-cursos-de-formacao-de-oficiais-e-soldados
2026-04-15;UNIRIO - Universidade Federal do Estado do Rio de Janeiro;https://www.pciconcursos.com.br/noticias/unirio-rj-abre-selecao-para-professor-substituto-na-area-de-microbiologia-agressao-e-defesa-do-organismo
2026-04-15;UNIRIO - Universidade Federal do Estado do Rio de Janeiro;https://www.pciconcursos.com.br/noticias/unirio-rj-abre-selecao-para-professor-substituto-no-departamento-de-teoria-do-teatro
2026-04-15;UNIRIO - Universidade Federal do Estado do Rio de Janeiro;https://www.pciconcursos.com.br/noticias/unirio-rj-abre-processo-seletivo-para-professor-substituto-na-area-de-enfermagem
2026-04-15;UFRRJ - Universidade Federal Rural do Rio de Janeiro;https://www.pciconcursos.com.br/noticias/ufrrj-abre-selecao-com-vagas-para-professores-substitutos
2026-04-15;UFRRJ - Universidade Federal Rural do Rio de Janeiro;https://www.pciconcursos.com.br/noticias/ufrrj-abre-concurso-com-10-vagas-para-professor-do-magisterio-superior
2026-04-15;UFF - Universidade Federal Fluminense;https://www.pciconcursos.com.br/noticias/uff-rj-abre-vaga-para-professor-substituto-na-area-de-medicina-legal
2026-04-15;UFF - Universidade Federal Fluminense;https://www.pciconcursos.com.br/noticias/uff-rj-abre-vaga-para-professor-substituto-de-historia-do-brasil-republicano
2026-04-15;UFF - Universidade Federal Fluminense;https://www.pciconcursos.com.br/noticias/uff-rj-abre-processo-seletivo-com-vaga-para-professor-de-pedagogia
2026-04-15;UFF - Universidade Federal Fluminense;https://www.pciconcursos.com.br/noticias/uff-rj-abre-vaga-para-professor-substituto-na-area-de-teoria-da-historia
2026-04-15;UFF - Universidade Federal Fluminense;https://www.pciconcursos.com.br/noticias/uff-rj-abre-selecao-para-professor-substituto-na-area-de-zootecnia
2026-04-15;UERJ - Universidade do Estado do Rio de Janeiro;https://www.pciconcursos.com.br/noticias/uerj-abre-vaga-para-professor-adjunto-em-sociologia-com-enfase-em-memoria-coletiva
2026-04-15;UERJ - Universidade do Estado do Rio de Janeiro;https://www.pciconcursos.com.br/noticias/uerj-abre-concurso-publico-com-vaga-para-professor-adjunto-na-area-de-educacao-fisica-voleibol
2026-04-15;UERJ - Universidade do Estado do Rio de Janeiro;https://www.pciconcursos.com.br/noticias/uerj-abre-vaga-para-professor-adjunto-na-area-de-ciencias-contabeis
2026-04-15;UERJ - Universidade do Estado do Rio de Janeiro;https://www.pciconcursos.com.br/noticias/uerj-abre-concursos-publicos-para-professores-adjuntos-na-faculdade-de-administracao-e-financas
2026-04-15;UERJ - Universidade do Estado do Rio de Janeiro;https://www.pciconcursos.com.br/noticias/uerj-abre-vaga-para-professor-adjunto-com-salario-superior-a-6-5-mil
2026-04-15;Prefeitura de Volta Redonda;https://www.pciconcursos.com.br/noticias/prefeitura-de-volta-redonda-rj-abre-concurso-com-vagas-para-docentes-i-e-ii
2026-04-15;Prefeitura de Macaé;https://www.pciconcursos.com.br/noticias/prefeitura-de-macae-rj-abre-concurso-publico-com-salarios-de-ate-11-1-mil
2026-04-15;PMAR - Prefeitura de Angra dos Reis;https://www.pciconcursos.com.br/noticias/prefeitura-de-angra-dos-reis-rj-abre-concurso-com-20-vagas-para-agente-tributario
2026-04-15;MPRJ - Ministério Público do Estado do Rio de Janeiro;https://www.pciconcursos.com.br/noticias/mprj-abre-concurso-publico-para-o-cargo-de-promotor-de-justica-substituto
2026-04-15;FeSaúde - Fundação Estatal de Saúde de Niterói;https://www.pciconcursos.com.br/noticias/fesaude-de-niteroi-rj-abre-processo-seletivo-para-agentes-comunitarios-de-saude
2026-04-15;CP2 - Colégio Pedro II;https://www.pciconcursos.com.br/noticias/colegio-pedro-ii-rj-abre-processos-seletivos-para-professores-substitutos
2026-04-15;CMTC - Companhia Municipal de Transportes Coletivos - MOBI-Rio;https://www.pciconcursos.com.br/noticias/mobi-rio-rj-abre-processo-seletivo-com-quatro-vagas
2026-04-15;CEFET/RJ - Centro Federal de Educação Tecnológica Celso Suckow da Fonseca;https://www.pciconcursos.com.br/noticias/cefet-rj-abre-concurso-com-vagas-para-professor-do-ensino-basico-tecnico-e-tecnologico
2026-04-15;USP - Universidade de São Paulo;https://www.pciconcursos.com.br/noticias/usp-abre-processo-seletivo-para-professor-no-departamento-de-engenharia-de-transportes
2026-04-15;USP - Universidade de São Paulo;https://www.pciconcursos.com.br/noticias/poli-usp-abre-concursos-para-professores-doutores-no-departamento-de-engenharia-metalurgica-e-de-materiais
2026-04-15;USP - Universidade de São Paulo;https://www.pciconcursos.com.br/noticias/faculdade-de-medicina-de-bauru-da-usp-sp-abre-concursos-com-vagas-para-o-cargo-de-professor-doutor
2026-04-15;USP - Universidade de São Paulo;https://www.pciconcursos.com.br/noticias/usp-abre-concurso-publico-para-professor-doutor-na-area-de-farmacologia-integrativa
2026-04-15;USP - Universidade de São Paulo;https://www.pciconcursos.com.br/noticias/usp-abre-concurso-para-professor-doutor-no-departamento-de-imunologia
2026-04-15;USP - Universidade de São Paulo;https://www.pciconcursos.com.br/noticias/usp-abre-concurso-para-professor-doutor-de-patologia-clinica-na-faculdade-de-medicina
2026-04-15;USP - Universidade de São Paulo;https://www.pciconcursos.com.br/noticias/usp-abre-vaga-em-concurso-publico-para-professor-doutor-na-faculdade-de-medicina
2026-04-15;USP - Universidade de São Paulo;https://www.pciconcursos.com.br/noticias/usp-abre-concurso-publico-para-professor-doutor-no-departamento-de-fisica-nuclear
2026-04-15;USP - Universidade de São Paulo;https://www.pciconcursos.com.br/noticias/usp-abre-concurso-publico-para-professor-doutor-no-departamento-de-microbiologia
2026-04-15;USP - Universidade de São Paulo;https://www.pciconcursos.com.br/noticias/usp-abre-concurso-publico-com-salarios-de-16353-para-professor-doutor
2026-04-15;USP - Universidade de São Paulo;https://www.pciconcursos.com.br/noticias/usp-abre-concurso-publico-para-professor-doutor-em-sistemas-complexos
2026-04-15;USP - Universidade de São Paulo;https://www.pciconcursos.com.br/noticias/usp-promove-concurso-publico-para-professor-titular-na-area-de-ciencias-basicas-e-ambientais
2026-04-15;USP - Universidade de São Paulo;https://www.pciconcursos.com.br/noticias/usp-abre-concurso-publico-com-uma-vaga-para-cargo-de-professor-titular
2026-04-15;USP - Universidade de São Paulo;https://www.pciconcursos.com.br/noticias/usp-abre-quatro-concursos-publicos-para-professor-titular-na-escola-politecnica
2026-04-15;USP - Universidade de São Paulo;https://www.pciconcursos.com.br/noticias/usp-publica-concurso-publico-com-uma-vaga-para-cargo-de-professor-titular
2026-04-15;USP - Universidade de São Paulo;https://www.pciconcursos.com.br/noticias/usp-promove-edital-de-concurso-publico-com-uma-vaga-para-cargo-de-professor
2026-04-15;USP - Faculdade de Medicina de Ribeirão Preto;https://www.pciconcursos.com.br/noticias/usp-faculdade-de-medicina-de-ribeirao-preto-abre-inscricoes-para-dois-concursos-publico
2026-04-15;USP - Escola de Enfermagem de Ribeirão Preto;https://www.pciconcursos.com.br/noticias/eerp-da-usp-abre-processo-seletivo-para-professor-no-departamento-de-enfermagem-geral-e-especializada
2026-04-15;URBAM - Urbanizadora Municipal S.A.;https://www.pciconcursos.com.br/noticias/urbam-sao-jose-dos-campos-sp-abre-25-vagas-para-auxiliar-de-servicos-gerais
2026-04-15;UNICAMP - Universidade Estadual de Campinas;https://www.pciconcursos.com.br/noticias/unicamp-sp-abre-concurso-publico-para-professor-doutor-na-faculdade-de-ciencias-medicas
2026-04-15;UNICAMP - Universidade Estadual de Campinas;https://www.pciconcursos.com.br/noticias/unicamp-sp-abre-concurso-para-professor-doutor-em-radiologia-diagnostica-e-terapeutica
2026-04-15;UNICAMP - Universidade Estadual de Campinas;https://www.pciconcursos.com.br/noticias/unicamp-sp-abre-concurso-para-professor-doutor-na-area-de-tecnica-cirurgica
2026-04-15;UNICAMP - Universidade Estadual de Campinas;https://www.pciconcursos.com.br/noticias/unicamp-sp-abre-vagas-para-professores-doutores-no-instituto-de-artes
2026-04-15;UNICAMP - Universidade Estadual de Campinas;https://www.pciconcursos.com.br/noticias/unicamp-sp-abre-concurso-publico-para-professor-titular-no-instituto-de-filosofia-e-ciencias-humanas
2026-04-15;UNICAMP - Universidade Estadual de Campinas;https://www.pciconcursos.com.br/noticias/unicamp-sp-abre-concursos-publicos-para-o-cargo-de-professor-doutor-no-instituto-de-fisica-gleb-wataghin
2026-04-15;UNICAMP - Universidade Estadual de Campinas;https://www.pciconcursos.com.br/noticias/unicamp-sp-abre-concurso-para-professor-titular-na-area-de-fisiologia
2026-04-15;UNICAMP - Universidade Estadual de Campinas;https://www.pciconcursos.com.br/noticias/unicamp-sp-abre-concurso-publico-para-pesquisador-com-salario-de-ate-13-9-mil
2026-04-15;UNICAMP - Universidade Estadual de Campinas;https://www.pciconcursos.com.br/noticias/unicamp-sp-abre-concurso-publico-para-o-cargo-de-professor-doutor-em-administracao-publica
2026-04-15;UNICAMP - Universidade Estadual de Campinas;https://www.pciconcursos.com.br/noticias/unicamp-sp-abre-concursos-para-o-professor-doutor-no-instituto-de-computacao
2026-04-15;UNICAMP - Universidade Estadual de Campinas;https://www.pciconcursos.com.br/noticias/unicamp-sp-abre-concurso-publico-para-vaga-de-pesquisador-com-salarios-de-ate-13-9-mil
2026-04-15;UNICAMP - Universidade Estadual de Campinas;https://www.pciconcursos.com.br/noticias/unicamp-sp-abre-processo-seletivo-para-professor-doutor-no-instituto-de-artes
2026-04-15;UNICAMP - Universidade Estadual de Campinas;https://www.pciconcursos.com.br/noticias/unicamp-sp-abre-concursos-para-professores-doutores-no-instituto-de-computacao
2026-04-15;UNICAMP - Universidade Estadual de Campinas;https://www.pciconcursos.com.br/noticias/unicamp-sp-abre-vagas-para-o-cargo-de-professor-doutor-no-instituto-de-artes
2026-04-15;UNICAMP - Universidade Estadual de Campinas;https://www.pciconcursos.com.br/noticias/unicamp-sp-abre-concurso-para-professor-doutor-na-area-de-toxicologia-de-alimentos
2026-04-15;UNICAMP - Universidade Estadual de Campinas;https://www.pciconcursos.com.br/noticias/unicamp-sp-abre-concurso-publico-para-professor-doutor-na-faculdade-de-engenharia-de-alimentos
2026-04-15;UNICAMP - Universidade Estadual de Campinas;https://www.pciconcursos.com.br/noticias/unicamp-sp-abre-concurso-publico-para-professor-doutor-no-instituto-de-fisica
2026-04-15;UNESP - Universidade Estadual Paulista Júlio de Mesquita Filho;https://www.pciconcursos.com.br/noticias/unesp-sp-publica-edital-de-concurso-publico-com-salarios-de-ate-12-4-mil
2026-04-15;"UNESP - Universidade Estadual Paulista ""Júlio de Mesquita Filho""";https://www.pciconcursos.com.br/noticias/unesp-publica-edital-de-concurso-para-professor-substituto-na-area-de-odontologia-em-aracatuba-sp
2026-04-15;"UNESP - Universidade Estadual Paulista ""Júlio de Mesquita Filho""";https://www.pciconcursos.com.br/noticias/unesp-abre-concurso-publico-para-professor-assistente-de-meteorologia-em-bauru-sp
2026-04-15;"UNESP - Universidade Estadual Paulista ""Júlio de Mesquita Filho""";https://www.pciconcursos.com.br/noticias/unesp-abre-concurso-publico-para-professor-substituto-de-saude-coletiva-em-botucatu-sp
2026-04-15;"UNESP - Universidade Estadual Paulista ""Julio de Mesquita Filho""";https://www.pciconcursos.com.br/noticias/unesp-abre-concurso-publico-para-o-cargo-de-professor-substituto-em-araraquara-sp
2026-04-15;"UNESP - Universidade Estadual Paulista ""Julio de Mesquita Filho""";https://www.pciconcursos.com.br/noticias/unesp-sp-abre-concurso-publico-para-o-cargo-de-professor-titular-em-araraquara
2026-04-15;"UNESP - Universidade Estadual Paulista ""Júlio de Mesquita Filho""";https://www.pciconcursos.com.br/noticias/unesp-abre-concurso-publico-para-professor-substituto-na-area-de-odontologia-em-sao-jose-dos-campos-sp
2026-04-15;"UNESP - Universidade Estadual Paulista ""Júlio de Mesquita Filho""";https://www.pciconcursos.com.br/noticias/unesp-abre-concurso-publico-com-salario-de-14-7-mil-para-pesquisador-iv
2026-04-15;"UNESP - Universidade Estadual Paulista ""Júlio de Mesquita Filho""";https://www.pciconcursos.com.br/noticias/unesp-de-botucatu-sp-abre-concursos-com-salarios-de-ate-10-2-mil
2026-04-15;"UNESP - Universidade Estadual Paulista ""Júlio de Mesquita Filho""";https://www.pciconcursos.com.br/noticias/unesp-de-sorocaba-sp-abre-concurso-com-salario-de-6-2-mil-para-assistente-de-suporte-academico
2026-04-15;"UNESP - Universidade Estadual Paulista ""Júlio de Mesquita Filho""";https://www.pciconcursos.com.br/noticias/unesp-sp-abre-concurso-publico-para-assistente-operacional-ii-no-campus-de-tupa
2026-04-15;"UNESP - Universidade Estadual Paulista ""Júlio de Mesquita Filho""";https://www.pciconcursos.com.br/noticias/unesp-abre-processo-seletivo-para-professor-assistente-na-area-de-musica
2026-04-15;UNESP - Universidade Estadual Paulista;https://www.pciconcursos.com.br/noticias/unesp-publica-edital-para-professor-substituto-de-biotecnologia-industrial-em-araraquara-sp
2026-04-15;UNESP - Universidade Estadual Paulista;https://www.pciconcursos.com.br/noticias/unesp-abre-vaga-para-professor-substituto-na-area-de-cirurgia-veterinaria-em-botucatu-sp
2026-04-15;UNESP - Universidade Estadual Paulista;https://www.pciconcursos.com.br/noticias/unesp-abre-vaga-para-professor-titular-no-instituto-de-geociencias-e-ciencias-exatas-de-rio-claro-sp
2026-04-15;UNESP - Universidade Estadual Paulista;https://www.pciconcursos.com.br/noticias/unesp-abre-concurso-para-professor-substituto-de-geografia-em-ourinhos-sp
2026-04-15;UNESP - Universidade Estadual Paulista;https://www.pciconcursos.com.br/noticias/unesp-abre-concurso-para-professor-substituto-de-engenharia-mecanica-em-guaratingueta-sp
2026-04-15;UNESP - Universidade Estadual Paulista;https://www.pciconcursos.com.br/noticias/unesp-abre-concurso-para-professor-substituto-na-area-de-engenharia-de-producao-em-bauru-sp
2026-04-15;UNESP - Universidade Estadual Paulista;https://www.pciconcursos.com.br/noticias/unesp-concursos-abrem-vagas-para-professores-substitutos-no-campus-de-jaboticabal-sp
2026-04-15;UNESP - Universidade Estadual Paulista;https://www.pciconcursos.com.br/noticias/unesp-abre-vaga-para-professor-substituto-de-odontologia-no-campus-de-sao-jose-dos-campos-sp
2026-04-15;UNESP - Universidade Estadual Paulista;https://www.pciconcursos.com.br/noticias/unesp-abre-concurso-publico-para-professor-substituto-de-geografia-em-ourinhos-sp
2026-04-15;UNESP - Universidade Estadual Paulista;https://www.pciconcursos.com.br/noticias/unesp-abre-vagas-para-professores-substitutos-de-engenharia-eletrica-no-campus-de-bauru
2026-04-15;UNESP - Universidade Estadual Paulista;https://www.pciconcursos.com.br/noticias/unesp-publica-editais-de-concursos-para-professores-substitutos-em-presidente-prudente-sp
2026-04-15;UNESP - Universidade Estadual Paulista;https://www.pciconcursos.com.br/noticias/unesp-abre-vaga-para-professor-substituto-no-instituto-de-artes-em-sao-paulo
2026-04-15;UNESP - Universidade Estadual Paulista;https://www.pciconcursos.com.br/noticias/unesp-abre-vaga-para-professor-titular-na-faculdade-de-medicina-veterinaria-de-aracatuba-sp
2026-04-15;UNESP - Universidade Estadual Paulista;https://www.pciconcursos.com.br/noticias/unesp-abre-concurso-publico-para-professor-substituto-na-area-de-antropologia-em-bauru-sp
2026-04-15;UNESP - Universidade Estadual Paulista;https://www.pciconcursos.com.br/noticias/unesp-abre-vaga-para-professor-substituto-de-clinica-e-cirurgia-animal-em-aracatuba-sp
2026-04-15;UNESP - Universidade Estadual Paulista;https://www.pciconcursos.com.br/noticias/unesp-sp-abre-concurso-publico-com-salarios-de-ate-10-2-mil-no-campus-de-bauru
2026-04-15;UNESP - Faculdade de Medicina Veterinária de Araçatuba;https://www.pciconcursos.com.br/noticias/unesp-abre-concurso-publico-para-professor-titular-de-medicina-veterinaria-em-aracatuba-sp
2026-04-15;UNESP - Faculdade de Engenharia e Ciências;https://www.pciconcursos.com.br/noticias/unesp-abre-editais-de-concursos-publicos-para-professores-substitutos-em-guaratingueta-sp
2026-04-15;UNESP - Faculdade de Engenharia do Câmpus de Ilha Solteira;https://www.pciconcursos.com.br/noticias/unesp-abre-concurso-para-professor-substituto-de-engenharia-civil-em-ilha-solteira-sp
2026-04-15;UNESP - Faculdade de Ciências e Letras de Assis;https://www.pciconcursos.com.br/noticias/unesp-abre-concursos-para-professores-substitutos-na-faculdade-de-ciencias-e-letras-de-assis-sp
2026-04-15;UFSCar - Universidade Federal de São Carlos;https://www.pciconcursos.com.br/noticias/ufscar-sp-abre-processo-seletivo-com-vagas-para-professores-substitutos
2026-04-15;Prefeitura do Município de Santana de Parnaíba;https://www.pciconcursos.com.br/noticias/prefeitura-de-santana-de-parnaiba-sp-abre-concurso-publico-com-vagas-para-medicos
2026-04-15;Prefeitura do Município de Osasco;https://www.pciconcursos.com.br/noticias/prefeitura-de-osasco-sp-abre-concurso-publico-com-35-vagas-e-salarios-de-ate-5-7-mil
2026-04-15;Prefeitura de Teodoro Sampaio;https://www.pciconcursos.com.br/noticias/prefeitura-de-teodoro-sampaio-sp-abre-processo-seletivo-para-monitor-de-transporte-e-atividades-escolares
2026-04-15;Prefeitura de Taiúva;https://www.pciconcursos.com.br/noticias/prefeitura-de-taiuva-sp-abre-editais-de-concursos-e-de-selecao-publica
2026-04-15;Prefeitura de Suzano;https://www.pciconcursos.com.br/noticias/prefeitura-de-suzano-sp-lanca-concurso-publico-com-salarios-de-ate-12-mil
2026-04-15;apostila específica;https://www.pciconcursos.com.br/apostilas/prefeitura-de-sorocaba-sp
2026-04-15;Prefeitura de Sorocaba;https://www.pciconcursos.com.br/noticias/prefeitura-de-sorocaba-sp-abre-concurso-com-26-vagas-para-a-area-da-saude
2026-04-15;Prefeitura de São Vicente;https://www.pciconcursos.com.br/noticias/prefeitura-de-sao-vicente-sp-abre-concurso-publico-com-salarios-de-ate-3-3-mil
2026-04-15;Prefeitura de Santa Cruz das Palmeiras;https://www.pciconcursos.com.br/noticias/prefeitura-de-santa-cruz-das-palmeiras-sp-abre-concurso-publico-com-salarios-de-ate-4-2-mil
2026-04-15;Prefeitura de Sales;https://www.pciconcursos.com.br/noticias/prefeitura-de-sales-sp-abre-concurso-publico-com-vagas-imediatas-e-cadastro-reserva
2026-04-15;Prefeitura de Rio Claro;https://www.pciconcursos.com.br/noticias/prefeitura-de-rio-claro-sp-abre-concurso-publico-com-salarios-de-ate-7-1-mil
2026-04-15;Prefeitura de Promissão;https://www.pciconcursos.com.br/noticias/prefeitura-de-promissao-sp-abre-concurso-publico-com-diversas-vagas-e-cadastro-de-reserva
2026-04-15;apostila específica;https://www.pciconcursos.com.br/apostilas/prefeitura-de-porto-feliz-sp
2026-04-15;Prefeitura de Porto Feliz;https://www.pciconcursos.com.br/noticias/prefeitura-de-porto-feliz-sp-publica-processo-seletivo-com-salarios-de-ate-8-4-mil
2026-04-15;Prefeitura de Piratininga;https://www.pciconcursos.com.br/noticias/prefeitura-de-piratininga-sp-abre-concurso-publico-com-67-vagas
2026-04-15;Prefeitura de Pedregulho;https://www.pciconcursos.com.br/noticias/prefeitura-de-pedregulho-sp-abre-concurso-com-salarios-de-ate-13776
2026-04-15;Prefeitura de Parisi;https://www.pciconcursos.com.br/noticias/prefeitura-de-parisi-sp-abre-novo-concurso-publico-com-salarios-de-ate-5-5-mil
2026-04-15;Prefeitura de Nazaré Paulista;https://www.pciconcursos.com.br/noticias/prefeitura-de-nazare-paulista-sp-abre-selecao-para-agente-educacional-e-professor-de-educacao-fisica
2026-04-15;Prefeitura de Nazaré Paulista;https://www.pciconcursos.com.br/noticias/prefeitura-de-nazare-paulista-sp-abre-concurso-publico-com-salarios-de-ate-6-mil
2026-04-15;Prefeitura de Morro Agudo;https://www.pciconcursos.com.br/noticias/prefeitura-de-morro-agudo-sp-abre-processo-seletivo-com-cadastro-reserva-para-professores
2026-04-15;Prefeitura de Monteiro Lobato;https://www.pciconcursos.com.br/noticias/prefeitura-de-monteiro-lobato-sp-abre-processo-seletivo-com-sete-vagas-e-salarios-de-ate-3-9-mil
2026-04-15;Prefeitura de Mombuca;https://www.pciconcursos.com.br/noticias/prefeitura-de-mombuca-sp-abre-concurso-para-cargos-de-nivel-fundamental-e-medio
2026-04-15;Prefeitura de Mairiporã;https://www.pciconcursos.com.br/noticias/prefeitura-de-mairipora-sp-abre-processo-seletivo-para-monitor-social-e-peb-i-educacao-infantil
2026-04-15;Prefeitura de Macedônia;https://www.pciconcursos.com.br/noticias/prefeitura-de-macedonia-sp-abre-concurso-para-fiscal-de-tributos
2026-04-15;Prefeitura de Lutécia;https://www.pciconcursos.com.br/noticias/prefeitura-de-lutecia-sp-abre-concurso-para-formacao-de-cadastro-reserva-em-diversas-areas
2026-04-15;Prefeitura de Lupércio;https://www.pciconcursos.com.br/noticias/prefeitura-de-lupercio-sp-abre-concurso-e-processo-seletivo-para-diversos-cargos
2026-04-15;Prefeitura de Lençóis Paulista;https://www.pciconcursos.com.br/noticias/prefeitura-de-lencois-paulista-sp-abre-concurso-publico-para-guarda-civil-municipal
2026-04-15;Prefeitura de Leme;https://www.pciconcursos.com.br/noticias/prefeitura-de-leme-sp-abre-concurso-publico-com-salarios-de-ate-8-3-mil
2026-04-15;Prefeitura de Junqueirópolis;https://www.pciconcursos.com.br/noticias/prefeitura-de-junqueiropolis-sp-abre-processo-seletivo-para-cadastro-de-reserva-na-area-da-educacao
2026-04-15;Prefeitura de Itariri;https://www.pciconcursos.com.br/noticias/prefeitura-de-itariri-sp-abre-concurso-publico-com-vagas-imediatas-e-cadastro-reserva
2026-04-15;Prefeitura de Itapeva;https://www.pciconcursos.com.br/noticias/prefeitura-de-itapeva-sp-abre-concurso-com-salarios-de-ate-5-7-mil
2026-04-15;Prefeitura de Itapecerica da Serra;https://www.pciconcursos.com.br/noticias/prefeitura-de-itapecerica-da-serra-sp-abre-concurso-com-vagas-para-nivel-medio-e-superior
2026-04-15;Prefeitura de Franco da Rocha;https://www.pciconcursos.com.br/noticias/prefeitura-de-franco-da-rocha-sp-anuncia-concurso-publico-com-salarios-de-ate-6-mil
2026-04-15;Prefeitura de Embu das Artes;https://www.pciconcursos.com.br/noticias/prefeitura-de-embu-das-artes-sp-abre-processo-seletivo-com-vagas-para-professores
2026-04-15;Prefeitura de Elias Fausto;https://www.pciconcursos.com.br/noticias/prefeitura-de-elias-fausto-sp-abre-concurso-com-vagas-imediatas-e-cadastro-de-reserva
2026-04-15;Prefeitura de Elias Fausto;https://www.pciconcursos.com.br/noticias/prefeitura-de-elias-fausto-sp-abre-concursos-publicos-para-cargos-de-nivel-superior
2026-04-15;Prefeitura de Dracena;https://www.pciconcursos.com.br/noticias/prefeitura-de-dracena-sp-abre-concurso-publico-com-salarios-de-ate-4-4-mil
2026-04-15;Prefeitura de Dirce Reis;https://www.pciconcursos.com.br/noticias/prefeitura-de-dirce-reis-sp-retifica-edital-de-processo-seletivo-com-remuneracoes-de-ate-5130
2026-04-15;Prefeitura de Charqueada;https://www.pciconcursos.com.br/noticias/prefeitura-de-charqueada-sp-abre-concurso-para-motorista-e-professor-de-lingua-portuguesa
2026-04-15;Prefeitura de Casa Branca;https://www.pciconcursos.com.br/noticias/prefeitura-de-casa-branca-sp-abre-concurso-publico-com-69-vagas-no-departamento-de-educacao
2026-04-15;Prefeitura de Carapicuíba;https://www.pciconcursos.com.br/noticias/prefeitura-de-carapicuiba-sp-abre-concurso-para-motorista-agente-de-defesa-civil-e-fiscal-de-tributos
2026-04-15;Prefeitura de Boituva;https://www.pciconcursos.com.br/noticias/prefeitura-de-boituva-sp-abre-concurso-publico-com-salarios-de-ate-6-4-mil
2026-04-15;Prefeitura de Bebedouro;https://www.pciconcursos.com.br/noticias/prefeitura-de-bebedouro-sp-abre-processo-seletivo-para-a-area-da-educacao
2026-04-15;Prefeitura de Bauru;https://www.pciconcursos.com.br/noticias/prefeitura-de-bauru-sp-reabre-concurso-publico-com-vaga-para-assistente-social
2026-04-15;Prefeitura da Estância Turística de Tupã;https://www.pciconcursos.com.br/noticias/prefeitura-de-tupa-sp-abre-processo-seletivo-para-professores
2026-04-15;Prefeitura da Estância Hidromineral de Serra Negra;https://www.pciconcursos.com.br/noticias/prefeitura-de-serra-negra-sp-anuncia-vaga-para-monitor-na-area-da-saude
2026-04-15;Prefeitura da Estância Balneária de Itanhaém;https://www.pciconcursos.com.br/noticias/prefeitura-de-itanhaem-sp-abre-processo-seletivo-com-100-vagas
2026-04-15;PM/SP - Polícia Militar do Estado de São Paulo;https://www.pciconcursos.com.br/noticias/policia-militar-sp-abre-concurso-com-36-vagas-para-medicos-em-diversas-especialidades
2026-04-15;IFUSP - Instituto de Física da Universidade de São Paulo;https://www.pciconcursos.com.br/noticias/ifusp-sp-abre-concurso-publico-para-professor-doutor-na-area-de-fisica
2026-04-15;IFSP - Instituto Federal de Educação, Ciência e Tecnologia de São Paulo;https://www.pciconcursos.com.br/noticias/ifsp-abre-selecao-para-professor-formador-e-orientador-de-tcc-com-ensino-superior
2026-04-15;ICMBio - Instituto Chico Mendes de Conservação da Biodiversidade;https://www.pciconcursos.com.br/noticias/icmbio-sp-abre-selecao-para-brigadista-e-chefe-de-esquadrao-em-ipero
2026-04-15;HCFMRP-USP - Hospital das Clínicas da Faculdade de Medicina de Ribeirão Preto da Universidade de São Paulo;https://www.pciconcursos.com.br/noticias/hcfmrp-usp-sp-abre-tres-concursos-publicos-para-profissionais-de-nivel-superior
2026-04-15;HCFMRP-USP - Hospital das Clínicas da Faculdade de Medicina de Ribeirão Preto da Universidade de São Paulo;https://www.pciconcursos.com.br/noticias/hcfmrp-usp-abre-concurso-publico-para-medico-especialista-em-gestacao-de-alto-risco
2026-04-15;HCFMRP - Hospital das Clínicas da Faculdade de Medicina de Ribeirão Preto da USP;https://www.pciconcursos.com.br/noticias/hcfmrp-usp-editais-de-concursos-publicos-anunciam-vagas-para-medicos-em-diversas-especialidades
2026-04-15;FUNSERV - Fundação da Seguridade Social dos Servidores Públicos Municipais de Sorocaba;https://www.pciconcursos.com.br/noticias/funserv-de-sorocaba-sp-abre-concurso-publico-com-salarios-de-5-4-mil
2026-04-15;FUNCAMP - Fundação de Desenvolvimento da Unicamp;https://www.pciconcursos.com.br/noticias/funcamp-sp-publica-edital-de-processo-seletivo-para-o-cargo-de-enfermeiro-no-hospital-de-clinicas
2026-04-15;FUNCAMP - Fundação de Desenvolvimento da Unicamp;https://www.pciconcursos.com.br/noticias/funcamp-sp-processo-seletivo-abre-vaga-para-desenvolvedor-de-sistemas-no-cepetro
2026-04-15;FUNCAMP - Fundação de Desenvolvimento da Unicamp;https://www.pciconcursos.com.br/noticias/funcamp-sp-abre-processo-seletivo-para-medico-dermatologista-no-ame-de-sao-joao-da-boa-vista
2026-04-15;FUNCAMP - Fundação de Desenvolvimento da Unicamp;https://www.pciconcursos.com.br/noticias/funcamp-sp-abre-processo-seletivo-com-vaga-para-medico-ginecologista
2026-04-15;FUNCAMP - Fundação de Desenvolvimento da Unicamp;https://www.pciconcursos.com.br/noticias/funcamp-sp-publica-edital-de-processo-seletivo-para-tecnico-de-enfermagem-no-hospital-estadual-de-sumare
2026-04-15;FUNCAMP - Fundação de Desenvolvimento da Unicamp;https://www.pciconcursos.com.br/noticias/funcamp-sp-abre-vaga-para-operador-logistico-no-hospital-estadual-sumare
2026-04-15;FUNCAMP - Fundação de Desenvolvimento da Unicamp;https://www.pciconcursos.com.br/noticias/funcamp-sp-abre-vaga-para-auxiliar-de-limpeza-no-ame-de-santa-barbara-doeste
2026-04-15;FUNCAMP - Fundação de Desenvolvimento da Unicamp;https://www.pciconcursos.com.br/noticias/funcamp-sp-abre-vaga-para-recepcionista-no-hospital-estadual-sumare
2026-04-15;FSA - Fundação Santo André;https://www.pciconcursos.com.br/noticias/fundacao-santo-andre-sp-abre-concurso-para-professor-de-nivel-superior
2026-04-15;FMUSP - Faculdade de Medicina da Universidade de São Paulo;https://www.pciconcursos.com.br/noticias/fmusp-sp-abre-concurso-publico-para-o-cargo-de-professor-doutor-no-departamento-de-patologia
2026-04-15;FMUSP - Faculdade de Medicina da Universidade de São Paulo;https://www.pciconcursos.com.br/noticias/fmusp-sp-abre-vaga-para-professor-doutor-na-area-de-psiquiatria-geral
2026-04-15;FMUSP - Faculdade de Medicina da Universidade de São Paulo;https://www.pciconcursos.com.br/noticias/fmusp-sp-abre-concurso-publico-para-professor-doutor-no-departamento-de-oftalmologia-e-otorrinolaringologia
2026-04-15;FMRP-USP - Faculdade de Medicina de Ribeirão Preto da Universidade de São Paulo;https://www.pciconcursos.com.br/noticias/fmrp-usp-abre-concurso-para-professor-doutor-no-departamento-de-patologia-e-medicina-legal
2026-04-15;FAMESP - Fundação para o Desenvolvimento Médico e Hospitalar;https://www.pciconcursos.com.br/noticias/famesp-abre-26-processos-seletivos-para-diversas-areas-em-bauru-sp
2026-04-15;Etec - Escola Técnica - Guarujá;https://www.pciconcursos.com.br/noticias/etec-de-guaruja-sp-publica-abertura-de-inscricoes-para-dois-editais-de-processo-seletivo
2026-04-15;EMURJA - Empresa Municipal de Urbanização de Jaboticabal;https://www.pciconcursos.com.br/noticias/emurja-de-jaboticabal-sp-abre-processo-seletivo-para-cargos-de-nivel-fundamental
2026-04-15;EEUSP - Escola de Enfermagem da Universidade de São Paulo;https://www.pciconcursos.com.br/noticias/usp-abre-vaga-em-concurso-publico-para-professor-titular-na-escola-de-enfermagem
2026-04-15;EESC-USP - Escola de Engenharia de São Carlos da Universidade de São Paulo;https://www.pciconcursos.com.br/noticias/eesc-usp-sp-abre-concurso-publico-para-professor-doutor-no-departamento-de-engenharia-de-transportes
2026-04-15;EESC-USP - Escola de Engenharia de São Carlos da Universidade de São Paulo;https://www.pciconcursos.com.br/noticias/eesc-usp-sp-anuncia-concurso-publico-para-professor-doutor-em-telecomunicacoes
2026-04-15;EESC-USP - Escola de Engenharia de São Carlos da Universidade de São Paulo;https://www.pciconcursos.com.br/noticias/usp-abre-vagas-para-professor-doutor-na-escola-de-engenharia-de-sao-carlos
2026-04-15;apostila específica;https://www.pciconcursos.com.br/apostilas/dae-bauru-sp
2026-04-15;DAE - Departamento de Água e Esgoto de Bauru;https://www.pciconcursos.com.br/noticias/dae-de-bauru-sp-abre-concurso-publico-para-cargo-de-motorista
2026-04-15;CREFONO-2/SP - Conselho Regional de Fonoaudiologia de São Paulo;https://www.pciconcursos.com.br/noticias/crefono-2-sp-abre-concurso-publico-com-vagas-para-agente-e-analista-de-fiscalizacao
2026-04-15;Câmara de Votorantim;https://www.pciconcursos.com.br/noticias/camara-de-votorantim-sp-abre-concurso-publico-com-salarios-de-ate-7-5-mil
2026-04-15;Câmara de Taiúva;https://www.pciconcursos.com.br/noticias/camara-de-taiuva-sp-abre-concurso-para-cargo-de-agente-de-servicos-gerais
2026-04-15;Câmara de Sarutaiá;https://www.pciconcursos.com.br/noticias/camara-de-sarutaia-sp-abre-concurso-publico-com-vaga-para-contador
2026-04-15;Câmara de São José do Rio Pardo;https://www.pciconcursos.com.br/noticias/camara-de-sao-jose-do-rio-pardo-sp-abre-concurso-publico-para-educador-legislativo
2026-04-15;Câmara de Ibitinga;https://www.pciconcursos.com.br/noticias/camara-de-ibitinga-sp-abre-concurso-publico-para-o-cargo-de-contador
2026-04-15;apostila específica;https://www.pciconcursos.com.br/apostilas/unifae
2026-04-15;UNIFAE - SP abre concurso público com salários de até R$ 5,1 mil;https://www.pciconcursos.com.br/noticias/unifae-sp-abre-concurso-publico-com-salarios-de-ate-5-1-mil
2026-04-15;apostila específica;https://www.pciconcursos.com.br/apostilas/prefeitura-de-indaiatuba-sp
2026-04-15;Prefeitura de Indaiatuba - SP abre concurso com 50 vagas para Professores;https://www.pciconcursos.com.br/noticias/prefeitura-de-indaiatuba-sp-abre-concurso-com-50-vagas-para-professores
2026-04-15;apostila específica;https://www.pciconcursos.com.br/apostilas/prefeitura-de-bastos-sp
2026-04-15;Prefeitura de Bastos - SP publica retificação em concurso com salários de até R$ 15,7 mil;https://www.pciconcursos.com.br/noticias/prefeitura-de-bastos-sp-publica-retificacao-em-concurso-com-salarios-de-ate-15-7-mil
2026-04-15;apostila específica;https://www.pciconcursos.com.br/apostilas/prefeitura-de-tremembe-sp
2026-04-15;Prefeitura de Tremembé - SP retifica edital de concurso público;https://www.pciconcursos.com.br/noticias/prefeitura-de-tremembe-sp-retifica-edital-de-concurso-publico
2026-04-15;apostila específica;https://www.pciconcursos.com.br/apostilas/fsa-santo-andre-sp
2026-04-15;Fundação Santo André - SP abre concurso público para Assistente Social;https://www.pciconcursos.com.br/noticias/fundacao-santo-andre-sp-abre-concurso-publico-para-assistente-social
2026-04-15;TO;https://www.pciconcursos.com.br/concursos/norte/#TO
2026-04-15;SP;https://www.pciconcursos.com.br/concursos/sudeste/#SP
2026-04-15;SE;https://www.pciconcursos.com.br/concursos/nordeste/#SE
2026-04-15;SC;https://www.pciconcursos.com.br/concursos/sul/#SC
2026-04-15;RS;https://www.pciconcursos.com.br/concursos/sul/#RS
2026-04-15;RR;https://www.pciconcursos.com.br/concursos/norte/#RR
2026-04-15;RO;https://www.pciconcursos.com.br/concursos/norte/#RO
2026-04-15;RN;https://www.pciconcursos.com.br/concursos/nordeste/#RN
2026-04-15;RJ;https://www.pciconcursos.com.br/concursos/sudeste/#RJ
2026-04-15;PR;https://www.pciconcursos.com.br/concursos/sul/#PR
2026-04-15;PI;https://www.pciconcursos.com.br/concursos/nordeste/#PI
2026-04-15;PE;https://www.pciconcursos.com.br/concursos/nordeste/#PE
2026-04-15;PB;https://www.pciconcursos.com.br/concursos/nordeste/#PB
2026-04-15;PA;https://www.pciconcursos.com.br/concursos/norte/#PA
2026-04-15;MT;https://www.pciconcursos.com.br/concursos/centrooeste/#MT
2026-04-15;MS;https://www.pciconcursos.com.br/concursos/centrooeste/#MS
2026-04-15;MG;https://www.pciconcursos.com.br/concursos/sudeste/#MG
2026-04-15;MA;https://www.pciconcursos.com.br/concursos/nordeste/#MA
2026-04-15;GO;https://www.pciconcursos.com.br/concursos/centrooeste/#GO
2026-04-15;ES;https://www.pciconcursos.com.br/concursos/sudeste/#ES
2026-04-15;DF;https://www.pciconcursos.com.br/concursos/centrooeste/#DF
2026-04-15;CE;https://www.pciconcursos.com.br/concursos/nordeste/#CE
2026-04-15;BA;https://www.pciconcursos.com.br/concursos/nordeste/#BA
2026-04-15;AP;https://www.pciconcursos.com.br/concursos/norte/#AP
2026-04-15;AM;https://www.pciconcursos.com.br/concursos/norte/#AM
2026-04-15;AL;https://www.pciconcursos.com.br/concursos/nordeste/#AL
2026-04-15;AC;https://www.pciconcursos.com.br/concursos/norte/#AC
2026-04-15;Localizar por cidade;https://www.pciconcursos.com.br/concursos/cidades
2026-04-15;Informar concurso;https://www.pciconcursos.com.br/colaborar/
2026-04-15;Organizadoras;https://www.pciconcursos.com.br/organizadoras/
2026-04-15;Aulas;https://www.pciconcursos.com.br/aulas/
2026-04-15;Simulados;https://www.pciconcursos.com.br/simulados/
2026-04-15;Vagas;https://www.pciconcursos.com.br/vagas/
2026-04-15;Cidades;https://www.pciconcursos.com.br/concursos/cidades/
2026-04-15;Pesquisar por cargo;https://www.pciconcursos.com.br/cargos/
2026-04-15;Previstos;https://www.pciconcursos.com.br/previstos/
2026-04-15;Professores;https://www.pciconcursos.com.br/professores/
2026-04-15;Últimas atualizações;https://www.pciconcursos.com.br/ultimas/
2026-04-15;Centro-Oeste;https://www.pciconcursos.com.br/concursos/centrooeste/
2026-04-15;Nordeste;https://www.pciconcursos.com.br/concursos/nordeste/
2026-04-15;Norte;https://www.pciconcursos.com.br/concursos/norte/
2026-04-15;Sul;https://www.pciconcursos.com.br/concursos/sul/
2026-04-15;Sudeste;https://www.pciconcursos.com.br/concursos/sudeste/
2026-04-15;Nacional;https://www.pciconcursos.com.br/concursos/nacional/
2026-04-15;Página Inicial;https://www.pciconcursos.com.br/
2026-04-15;Contato;https://www.pciconcursos.com.br/contato/
2026-04-15;Provas;https://www.pciconcursos.com.br/provas/
2026-04-15;Notícias;https://www.pciconcursos.com.br/noticias/
2026-04-15;Apostilas;https://www.pciconcursos.com.br/apostilas/
2026-04-15;Concursos;https://www.pciconcursos.com.br/concursos/
